[
  {
    "id": "cdb95efc-0022-45e2-a665-5ed561f540d5",
    "data": [
      {
        "text": "Exposed",
        "userDefined": false
      }
    ],
    "isTemplate": false,
    "count": 0,
    "lang": "en",
    "updated": 0
  },
  {
    "id": "cf91ebb0-7315-4c8d-b4c1-9bd7c4ce9b82",
    "data": [
      {
        "text": "Exposure notification",
        "userDefined": false
      }
    ],
    "isTemplate": false,
    "count": 0,
    "lang": "en",
    "updated": 0
  },
  {
    "id": "3554d645-6e91-4d34-920a-f293225d819e",
    "data": [
      {
        "text": "I received an exposure notification",
        "userDefined": false
      }
    ],
    "isTemplate": false,
    "count": 0,
    "lang": "en",
    "updated": 0
  }
]