[
  {
    "id": "a5af9007-8a90-4abe-bee8-da5dc8bedcdf",
    "data": [
      {
        "text": "Expuesta",
        "userDefined": false
      }
    ],
    "isTemplate": false,
    "count": 0,
    "lang": "es",
    "updated": 0
  },
  {
    "id": "e3fe9fe6-7b3a-4593-9e40-a6a93ac0ea69",
    "data": [
      {
        "text": "Notificación de exposición",
        "userDefined": false
      }
    ],
    "isTemplate": false,
    "count": 0,
    "lang": "es",
    "updated": 0
  },
  {
    "id": "1d4f2419-54a9-45d4-8bfb-253579623888",
    "data": [
      {
        "text": "Yo recibí una notificación de exposición",
        "userDefined": false
      }
    ],
    "isTemplate": false,
    "count": 0,
    "lang": "es",
    "updated": 0
  }
]