[
  {
    "id": "948974f3-291d-4ca1-9a95-17164a6ab024",
    "data": [
      {
        "text": "Others",
        "userDefined": false
      }
    ],
    "isTemplate": false,
    "count": 0,
    "lang": "en",
    "updated": 0
  },
  {
    "id": "fe1323f1-bdfe-4784-86c6-27248c807503",
    "data": [
      {
        "text": "More information",
        "userDefined": false
      }
    ],
    "isTemplate": false,
    "count": 0,
    "lang": "en",
    "updated": 0
  },
  {
    "id": "0beb3a76-6b74-406e-9739-6b311e036a48",
    "data": [
      {
        "text": "Find more information",
        "userDefined": false
      }
    ],
    "isTemplate": false,
    "count": 0,
    "lang": "en",
    "updated": 0
  }
]