[
  {
    "id": "bfbedd07-e6c1-4d7a-b57f-cca69f2ed7d1",
    "data": [
      {
        "text": "Infected",
        "userDefined": false
      }
    ],
    "isTemplate": false,
    "count": 0,
    "lang": "en",
    "updated": 0
  },
  {
    "id": "41ce1160-7694-45e0-bc80-56bc474767fd",
    "data": [
      {
        "text": "tested positive",
        "userDefined": false
      }
    ],
    "isTemplate": false,
    "count": 0,
    "lang": "en",
    "updated": 0
  },
  {
    "id": "690e0a31-352e-4400-8a7c-2b2fef680f77",
    "data": [
      {
        "text": "I received a positive test result",
        "userDefined": false
      }
    ],
    "isTemplate": false,
    "count": 0,
    "lang": "en",
    "updated": 0
  }
]