[
  {
    "id": "973f1d61-db8d-4561-9590-16b8ba9dc6b0",
    "data": [
      {
        "text": "Infectada",
        "userDefined": false
      }
    ],
    "isTemplate": false,
    "count": 0,
    "lang": "es",
    "updated": 0
  },
  {
    "id": "c5cf8ea2-55d5-47ae-9c8f-3282829cdb5a",
    "data": [
      {
        "text": "Probada positiva",
        "userDefined": false
      }
    ],
    "isTemplate": false,
    "count": 0,
    "lang": "es",
    "updated": 0
  },
  {
    "id": "912cbfb5-d86a-4801-beaf-cc577be47662",
    "data": [
      {
        "text": "Yo recibí un resultado positivo",
        "userDefined": false
      }
    ],
    "isTemplate": false,
    "count": 0,
    "lang": "es",
    "updated": 0
  }
]