[
  {
    "id": "a3a0f456-ff62-4fa0-bdc0-fd9cba3e75c1",
    "data": [
      {
        "text": "15",
        "meta": "@sys.number",
        "alias": "number",
        "userDefined": false
      }
    ],
    "isTemplate": false,
    "count": 0,
    "lang": "en",
    "updated": 0
  },
  {
    "id": "e5977c28-ee27-41ae-936a-561761c57326",
    "data": [
      {
        "text": "It has been ",
        "userDefined": false
      },
      {
        "text": "7 days",
        "meta": "@sys.duration",
        "alias": "duration",
        "userDefined": false
      }
    ],
    "isTemplate": false,
    "count": 0,
    "lang": "en",
    "updated": 0
  },
  {
    "id": "d815dd73-3de8-4c45-83d1-502823573b1a",
    "data": [
      {
        "text": "its been ",
        "userDefined": false
      },
      {
        "text": "4 days",
        "meta": "@sys.duration",
        "alias": "duration",
        "userDefined": false
      }
    ],
    "isTemplate": false,
    "count": 0,
    "lang": "en",
    "updated": 0
  },
  {
    "id": "c5cb1630-645f-4a69-b808-f24cd2e8df46",
    "data": [
      {
        "text": "2 days",
        "meta": "@sys.duration",
        "alias": "duration",
        "userDefined": false
      }
    ],
    "isTemplate": false,
    "count": 0,
    "lang": "en",
    "updated": 0
  }
]