[
  {
    "id": "cffc4b40-cc05-4c4c-abf4-cba048845d77",
    "data": [
      {
        "text": "sí",
        "userDefined": false
      }
    ],
    "isTemplate": false,
    "count": 0,
    "lang": "es",
    "updated": 0
  },
  {
    "id": "7c2fead5-291e-4cc4-afb9-09efbc5ee5f8",
    "data": [
      {
        "text": "por supuesto",
        "userDefined": false
      }
    ],
    "isTemplate": false,
    "count": 0,
    "lang": "es",
    "updated": 0
  },
  {
    "id": "c897c8e1-74af-4487-8ffe-8c73e05ab0a1",
    "data": [
      {
        "text": "de acuerdo",
        "userDefined": false
      }
    ],
    "isTemplate": false,
    "count": 0,
    "lang": "es",
    "updated": 0
  },
  {
    "id": "c99869fe-f2a7-4a60-9b38-13209a492afd",
    "data": [
      {
        "text": "buena idea",
        "userDefined": false
      }
    ],
    "isTemplate": false,
    "count": 0,
    "lang": "es",
    "updated": 0
  },
  {
    "id": "d3bd6ba7-1889-44f1-92ae-fea36181ae3e",
    "data": [
      {
        "text": "confirmar",
        "userDefined": false
      }
    ],
    "isTemplate": false,
    "count": 0,
    "lang": "es",
    "updated": 0
  },
  {
    "id": "92fd5668-549e-400d-840d-f2507d0d8482",
    "data": [
      {
        "text": "adelante",
        "userDefined": false
      }
    ],
    "isTemplate": false,
    "count": 0,
    "lang": "es",
    "updated": 0
  },
  {
    "id": "d57a8184-8dcf-4ed0-8572-53c9f7d4638b",
    "data": [
      {
        "text": "correcto",
        "userDefined": false
      }
    ],
    "isTemplate": false,
    "count": 0,
    "lang": "es",
    "updated": 0
  },
  {
    "id": "0f0e9dfb-7b90-41f9-ac71-fc35bb1b0c3b",
    "data": [
      {
        "text": "claro que sí",
        "userDefined": false
      }
    ],
    "isTemplate": false,
    "count": 0,
    "lang": "es",
    "updated": 0
  },
  {
    "id": "4a4d09c0-be37-41ce-bb05-7dfe9ebb81d4",
    "data": [
      {
        "text": "eso mismo",
        "userDefined": false
      }
    ],
    "isTemplate": false,
    "count": 0,
    "lang": "es",
    "updated": 0
  }
]