[
  {
    "id": "2d08b4ee-afdb-4c56-95c7-d069db16e490",
    "data": [
      {
        "text": "Otras",
        "userDefined": false
      }
    ],
    "isTemplate": false,
    "count": 0,
    "lang": "es",
    "updated": 0
  },
  {
    "id": "5d95d924-1ada-4738-84d9-f790e7aa0782",
    "data": [
      {
        "text": "Información Adicional",
        "userDefined": false
      }
    ],
    "isTemplate": false,
    "count": 0,
    "lang": "es",
    "updated": 0
  },
  {
    "id": "fb709b25-b28d-4bc2-a26f-7aeb481b1e8e",
    "data": [
      {
        "text": "Otro",
        "userDefined": false
      }
    ],
    "isTemplate": false,
    "count": 0,
    "lang": "es",
    "updated": 0
  }
]