[
  {
    "id": "6db156ca-8e7d-49fb-9fe7-5742f50243f7",
    "data": [
      {
        "text": "no lo creo",
        "userDefined": false
      }
    ],
    "isTemplate": false,
    "count": 0,
    "lang": "es",
    "updated": 0
  },
  {
    "id": "2f6e1002-04df-4002-8b2a-aa421ab9ac07",
    "data": [
      {
        "text": "no me interesa",
        "userDefined": false
      }
    ],
    "isTemplate": false,
    "count": 0,
    "lang": "es",
    "updated": 0
  },
  {
    "id": "eb1261f7-7c56-42ce-b741-26f7730d9793",
    "data": [
      {
        "text": "no mucho",
        "userDefined": false
      }
    ],
    "isTemplate": false,
    "count": 0,
    "lang": "es",
    "updated": 0
  },
  {
    "id": "5147b4e7-638e-41b1-8fe8-0b4291a58a21",
    "data": [
      {
        "text": "no",
        "userDefined": false
      }
    ],
    "isTemplate": false,
    "count": 1,
    "lang": "es",
    "updated": 0
  },
  {
    "id": "ac441f99-a941-48d9-8942-88312d76b833",
    "data": [
      {
        "text": "en absoluto",
        "userDefined": false
      }
    ],
    "isTemplate": false,
    "count": 0,
    "lang": "es",
    "updated": 0
  },
  {
    "id": "ea81a179-1864-4903-8aff-56f981c2ca31",
    "data": [
      {
        "text": "no estoy de acuerdo",
        "userDefined": false
      }
    ],
    "isTemplate": false,
    "count": 0,
    "lang": "es",
    "updated": 0
  },
  {
    "id": "4b262f62-246b-4b1d-a373-6beb8283d827",
    "data": [
      {
        "text": "no lo quiero",
        "userDefined": false
      }
    ],
    "isTemplate": false,
    "count": 0,
    "lang": "es",
    "updated": 0
  },
  {
    "id": "2e5a43e5-19bc-4bf8-9c2c-12bd712063da",
    "data": [
      {
        "text": "gracias pero no",
        "userDefined": false
      }
    ],
    "isTemplate": false,
    "count": 0,
    "lang": "es",
    "updated": 0
  },
  {
    "id": "c3c5ba43-ad02-4029-9880-d31535fa6c53",
    "data": [
      {
        "text": "no hacerlo",
        "userDefined": false
      }
    ],
    "isTemplate": false,
    "count": 0,
    "lang": "es",
    "updated": 0
  }
]